{
  "data": [
    {
      "id": "92",
      "organization": {
        "id": "3378",
        "name": "0000 - Test - IP Clinic (SD)"
      },
      "isActive": true,
      "serviceType": { "id": "1", "name": "RPM", "tag": "rpm" },
      "isSubscriptionTarget": false,
      "deviceSetupNotification": "enabled",
      "automatedTimeTracking": "enabled",
      "plans": [
        {
          "id": "2",
          "name": "Blood pressure",
          "device": {
            "name": "BEAT Blood Pressure Cuff"
          }
        }
      ]
    },
    {
      "id": "108",
      "organization": {
        "id": "3378",
        "name": "0000 - Test - IP Clinic (SD)"
      },
      "isActive": true,
      "serviceType": { "id": "2", "name": "CCM", "tag": "ccm" },
      "isSubscriptionTarget": false,
      "deviceSetupNotification": "disabled",
      "automatedTimeTracking": "disabled"
    },
    {
      "id": "109",
      "organization": {
        "id": "3378",
        "name": "0000 - Test - IP Clinic (SD)"
      },
      "isActive": false,
      "serviceType": { "id": "3", "name": "RTM", "tag": "rtm" },
      "isSubscriptionTarget": false,
      "deviceSetupNotification": "enabled",
      "automatedTimeTracking": "enabled",
      "plans": [
        {
          "id": "2",
          "name": "Blood pressure",
          "device": {
            "name": "BEAT Blood Pressure Cuff"
          }
        }
      ]
    },
    {
      "id": "110",
      "organization": {
        "id": "3377",
        "name": "0001 - Parent - IP Clinic (SD)"
      },
      "isActive": true,
      "serviceType": { "id": "4", "name": "PCM", "tag": "pcm" },
      "isSubscriptionTarget": false,
      "deviceSetupNotification": "enabled",
      "automatedTimeTracking": "enabled"
    }
  ]
}
