{
  "data": [
    {
      "id": "4",
      "name": "Blood oxygen saturation",
      "isActive": true,
      "device": {
        "name": "Touch Pulse Oximeter"
      },
      "dataPointTypes": [
        {
          "id": "7"
        },
        {
          "id": "8"
        },
        {
          "id": "53"
        },
        {
          "id": "71"
        }
      ],
      "sources": [
        {
          "id": "16",
          "activeBetween": {
            "start": "2022-03-01T04:00:00+00:00"
          }
        },
        {
          "id": "31",
          "activeBetween": {
            "start": "2023-12-11T04:00:00+00:00"
          }
        },
        {
          "id": "23",
          "activeBetween": {
            "start": "2023-04-01T00:00:00+00:00"
          }
        }
      ]
    },
    {
      "id": "2",
      "name": "Blood pressure",
      "isActive": true,
      "device": {
        "name": "BEAT Blood Pressure Cuff"
      },
      "dataPointTypes": [
        {
          "id": "5"
        },
        {
          "id": "6"
        },
        {
          "id": "71"
        }
      ],
      "sources": [
        {
          "id": "14",
          "activeBetween": {}
        },
        {
          "id": "19",
          "activeBetween": {}
        },
        {
          "id": "22",
          "activeBetween": {
            "start": "2023-05-01T04:00:00+00:00"
          }
        },
        {
          "id": "24",
          "activeBetween": {
            "start": "2023-09-01T00:00:00+00:00"
          }
        },
        {
          "id": "26",
          "activeBetween": {
            "start": "2023-09-01T00:00:00+00:00"
          }
        },
        {
          "id": "28",
          "activeBetween": {
            "start": "2023-12-11T04:00:00+00:00"
          }
        },
        {
          "id": "29",
          "activeBetween": {
            "start": "2023-12-11T04:00:00+00:00"
          }
        },
        {
          "id": "6",
          "activeBetween": {
            "end": "2021-04-01T04:00:00+00:00"
          }
        },
        {
          "id": "7",
          "activeBetween": {
            "end": "2021-04-01T04:00:00+00:00"
          }
        },
        {
          "id": "9",
          "activeBetween": {
            "end": "2021-04-01T04:00:00+00:00"
          }
        },
        {
          "id": "23",
          "activeBetween": {
            "start": "2023-04-01T00:00:00+00:00"
          }
        }
      ]
    },
    {
      "id": "3",
      "name": "Glucose",
      "isActive": true,
      "device": {
        "name": "SCAN Smart Glucometer"
      },
      "dataPointTypes": [
        {
          "id": "54"
        },
        {
          "id": "71"
        }
      ],
      "sources": [
        {
          "id": "15",
          "activeBetween": {}
        },
        {
          "id": "30",
          "activeBetween": {
            "start": "2023-12-11T04:00:00+00:00"
          }
        },
        {
          "id": "23",
          "activeBetween": {
            "start": "2023-04-01T00:00:00+00:00"
          }
        }
      ]
    },
    {
      "id": "5",
      "name": "NXTSTIM pain relief",
      "isActive": true,
      "device": {
        "name": "NXTSTIM EcoAI"
      },
      "dataPointTypes": [
        {
          "id": "58"
        },
        {
          "id": "59"
        },
        {
          "id": "60"
        },
        {
          "id": "61"
        },
        {
          "id": "71"
        }
      ],
      "sources": [
        {
          "id": "18",
          "activeBetween": {}
        },
        {
          "id": "23",
          "activeBetween": {
            "start": "2023-04-01T00:00:00+00:00"
          }
        }
      ]
    },
    {
      "id": "6",
      "name": "Step tracking",
      "isActive": true,
      "device": {
        "name": "Strive Activity Tracker"
      },
      "dataPointTypes": [
        {
          "id": "47"
        },
        {
          "id": "71"
        }
      ],
      "sources": [
        {
          "id": "4",
          "activeBetween": {
            "start": "2023-03-08T04:00:00+00:00"
          }
        },
        {
          "id": "6",
          "activeBetween": {
            "end": "2021-04-01T04:00:00+00:00"
          }
        },
        {
          "id": "7",
          "activeBetween": {
            "end": "2021-04-01T04:00:00+00:00"
          }
        },
        {
          "id": "9",
          "activeBetween": {
            "end": "2021-04-01T04:00:00+00:00"
          }
        },
        {
          "id": "23",
          "activeBetween": {
            "start": "2023-04-01T00:00:00+00:00"
          }
        }
      ]
    },
    {
      "id": "7",
      "name": "Therapeutic data",
      "isActive": true,
      "device": {
        "name": "Mobile App (SaMD)"
      },
      "dataPointTypes": [
        {
          "id": "67"
        },
        {
          "id": "68"
        }
      ],
      "sources": [
        {
          "id": "36",
          "activeBetween": {
            "start": "2024-04-01T04:00:00+00:00"
          }
        }
      ]
    },
    {
      "id": "1",
      "name": "Weight",
      "isActive": true,
      "device": {
        "name": "BALANCE Smart Scale"
      },
      "dataPointTypes": [
        {
          "id": "1"
        },
        {
          "id": "3"
        },
        {
          "id": "46"
        },
        {
          "id": "71"
        }
      ],
      "sources": [
        {
          "id": "2",
          "activeBetween": {}
        },
        {
          "id": "5",
          "activeBetween": {}
        },
        {
          "id": "10",
          "activeBetween": {}
        },
        {
          "id": "12",
          "activeBetween": {}
        },
        {
          "id": "13",
          "activeBetween": {}
        },
        {
          "id": "17",
          "activeBetween": {}
        },
        {
          "id": "21",
          "activeBetween": {
            "start": "2023-05-01T04:00:00+00:00"
          }
        },
        {
          "id": "25",
          "activeBetween": {
            "start": "2023-09-01T00:00:00+00:00"
          }
        },
        {
          "id": "27",
          "activeBetween": {
            "start": "2023-12-11T04:00:00+00:00"
          }
        },
        {
          "id": "6",
          "activeBetween": {
            "end": "2021-04-01T04:00:00+00:00"
          }
        },
        {
          "id": "7",
          "activeBetween": {
            "end": "2021-04-01T04:00:00+00:00"
          }
        },
        {
          "id": "9",
          "activeBetween": {
            "end": "2021-04-01T04:00:00+00:00"
          }
        },
        {
          "id": "23",
          "activeBetween": {
            "start": "2023-04-01T00:00:00+00:00"
          }
        }
      ]
    }
  ],
  "pagination": {}
}
