{
  "data": {
    "id": "542",
    "type": "cart",
    "attributes": {
      "number": "R725593438",
      "item_total": "0.0",
      "total": "0.0",
      "ship_total": "0.0",
      "adjustment_total": "0.0",
      "created_at": "2022-07-07T08:16:15.423-05:00",
      "updated_at": "2022-07-07T10:17:00.793-05:00",
      "completed_at": null,
      "included_tax_total": "0.0",
      "additional_tax_total": "0.0",
      "display_additional_tax_total": "$0.00",
      "display_included_tax_total": "$0.00",
      "tax_total": "0.0",
      "currency": "USD",
      "state": "cart",
      "token": "qhWzcLTYr8pAQbwxlf2OQw1657199775416",
      "email": "zhangclient@coachcare.com",
      "display_item_total": "$0.00",
      "display_ship_total": "$0.00",
      "display_adjustment_total": "$0.00",
      "display_tax_total": "$0.00",
      "promo_total": "0.0",
      "display_promo_total": "$0.00",
      "item_count": 0,
      "special_instructions": null,
      "display_total": "$0.00",
      "pre_tax_item_amount": "0.0",
      "display_pre_tax_item_amount": "$0.00",
      "pre_tax_total": "0.0",
      "display_pre_tax_total": "$0.00",
      "shipment_state": null,
      "payment_state": null,
      "public_metadata": {}
    },
    "relationships": {
      "line_items": { "data": [{ "id": "505", "type": "line_item" }] },
      "variants": { "data": [] },
      "promotions": { "data": [] },
      "payments": { "data": [] },
      "shipments": { "data": [] },
      "user": { "data": { "id": "387", "type": "user" } },
      "billing_address": { "data": null },
      "shipping_address": { "data": null }
    }
  },
  "included": [
    {
      "id": "505",
      "type": "line_item",
      "attributes": {
        "name": "OPTIFAST Post Bariatric Chewable Vitamin and Mineral Supplement - 1 Bottle 120 Tablets",
        "quantity": 2,
        "price": "27.18",
        "slug": "optifast-post-bariatric-chewable-vitamin-and-mineral-supplement-1-bottle",
        "options_text": "",
        "currency": "USD",
        "display_price": "$27.18",
        "total": "54.36",
        "display_total": "$54.36",
        "adjustment_total": "0.0",
        "display_adjustment_total": "$0.00",
        "additional_tax_total": "0.0",
        "discounted_amount": "54.36",
        "display_discounted_amount": "$54.36",
        "display_additional_tax_total": "$0.00",
        "promo_total": "0.0",
        "display_promo_total": "$0.00",
        "included_tax_total": "0.0",
        "display_included_tax_total": "$0.00",
        "pre_tax_amount": "54.36",
        "display_pre_tax_amount": "$54.36",
        "public_metadata": {}
      },
      "relationships": {
        "variant": { "data": { "id": "72", "type": "variant" } },
        "digital_links": { "data": [] }
      }
    },
    {
      "id": "387",
      "type": "user",
      "attributes": {
        "email": "zhangclient@coachcare.com",
        "public_metadata": {},
        "store_credits": 0,
        "completed_orders": 6
      },
      "relationships": {
        "default_billing_address": {
          "data": { "id": "894", "type": "address" }
        },
        "default_shipping_address": {
          "data": { "id": "894", "type": "address" }
        }
      }
    }
  ]
}
