{"data":[{"id":"AF","name":"Afghanistan"},{"id":"AX","name":"Åland Islands"},{"id":"AL","name":"Albania"},{"id":"DZ","name":"Algeria"},{"id":"AS","name":"American Samoa"},{"id":"AD","name":"Andorra"},{"id":"AO","name":"Angola"},{"id":"AI","name":"Anguilla"},{"id":"AQ","name":"Antarctica"},{"id":"AG","name":"Antigua and Barbuda"},{"id":"AR","name":"Argentina"},{"id":"AM","name":"Armenia"},{"id":"AW","name":"Aruba"},{"id":"AU","name":"Australia"},{"id":"AT","name":"Austria"},{"id":"AZ","name":"Azerbaijan"},{"id":"BS","name":"Bahamas"},{"id":"BH","name":"Bahrain"},{"id":"BD","name":"Bangladesh"},{"id":"BB","name":"Barbados"},{"id":"BY","name":"Belarus"},{"id":"BE","name":"Belgium"},{"id":"BZ","name":"Belize"},{"id":"BJ","name":"Benin"},{"id":"BM","name":"Bermuda"},{"id":"BT","name":"Bhutan"},{"id":"BO","name":"Bolivia"},{"id":"BA","name":"Bosnia and Herzegovina"},{"id":"BW","name":"Botswana"},{"id":"BV","name":"Bouvet Island"},{"id":"BR","name":"Brazil"},{"id":"BQ","name":"British Antarctic Territory"},{"id":"IO","name":"British Indian Ocean Territory"},{"id":"VG","name":"British Virgin Islands"},{"id":"BN","name":"Brunei"},{"id":"BG","name":"Bulgaria"},{"id":"BF","name":"Burkina Faso"},{"id":"BI","name":"Burundi"},{"id":"KH","name":"Cambodia"},{"id":"CM","name":"Cameroon"},{"id":"CA","name":"Canada"},{"id":"CT","name":"Canton and Enderbury Islands"},{"id":"CV","name":"Cape Verde"},{"id":"KY","name":"Cayman Islands"},{"id":"CF","name":"Central African Republic"},{"id":"TD","name":"Chad"},{"id":"CL","name":"Chile"},{"id":"CN","name":"China"},{"id":"CX","name":"Christmas Island"},{"id":"CC","name":"Cocos [Keeling] Islands"},{"id":"CO","name":"Colombia"},{"id":"KM","name":"Comoros"},{"id":"CG","name":"Congo - Brazzaville"},{"id":"CD","name":"Congo - Kinshasa"},{"id":"CK","name":"Cook Islands"},{"id":"CR","name":"Costa Rica"},{"id":"CI","name":"Côte d’Ivoire"},{"id":"HR","name":"Croatia"},{"id":"CU","name":"Cuba"},{"id":"CY","name":"Cyprus"},{"id":"CZ","name":"Czech Republic"},{"id":"DK","name":"Denmark"},{"id":"DJ","name":"Djibouti"},{"id":"DM","name":"Dominica"},{"id":"DO","name":"Dominican Republic"},{"id":"NQ","name":"Dronning Maud Land"},{"id":"DD","name":"East Germany"},{"id":"EC","name":"Ecuador"},{"id":"EG","name":"Egypt"},{"id":"SV","name":"El Salvador"},{"id":"GQ","name":"Equatorial Guinea"},{"id":"ER","name":"Eritrea"},{"id":"EE","name":"Estonia"},{"id":"ET","name":"Ethiopia"},{"id":"FK","name":"Falkland Islands"},{"id":"FO","name":"Faroe Islands"},{"id":"FJ","name":"Fiji"},{"id":"FI","name":"Finland"},{"id":"FR","name":"France"},{"id":"GF","name":"French Guiana"},{"id":"PF","name":"French Polynesia"},{"id":"FQ","name":"French Southern and Antarctic Territories"},{"id":"TF","name":"French Southern Territories"},{"id":"GA","name":"Gabon"},{"id":"GM","name":"Gambia"},{"id":"GE","name":"Georgia"},{"id":"DE","name":"Germany"},{"id":"GH","name":"Ghana"},{"id":"GI","name":"Gibraltar"},{"id":"GR","name":"Greece"},{"id":"GL","name":"Greenland"},{"id":"GD","name":"Grenada"},{"id":"GP","name":"Guadeloupe"},{"id":"GU","name":"Guam"},{"id":"GT","name":"Guatemala"},{"id":"GG","name":"Guernsey"},{"id":"GN","name":"Guinea"},{"id":"GW","name":"Guinea-Bissau"},{"id":"GY","name":"Guyana"},{"id":"HT","name":"Haiti"},{"id":"HM","name":"Heard Island and McDonald Islands"},{"id":"HN","name":"Honduras"},{"id":"HK","name":"Hong Kong SAR China"},{"id":"HU","name":"Hungary"},{"id":"IS","name":"Iceland"},{"id":"IN","name":"India"},{"id":"ID","name":"Indonesia"},{"id":"IR","name":"Iran"},{"id":"IQ","name":"Iraq"},{"id":"IE","name":"Ireland"},{"id":"IM","name":"Isle of Man"},{"id":"IL","name":"Israel"},{"id":"IT","name":"Italy"},{"id":"JM","name":"Jamaica"},{"id":"JP","name":"Japan"},{"id":"JE","name":"Jersey"},{"id":"JT","name":"Johnston Island"},{"id":"JO","name":"Jordan"},{"id":"KZ","name":"Kazakhstan"},{"id":"KE","name":"Kenya"},{"id":"KI","name":"Kiribati"},{"id":"KW","name":"Kuwait"},{"id":"KG","name":"Kyrgyzstan"},{"id":"LA","name":"Laos"},{"id":"LV","name":"Latvia"},{"id":"LB","name":"Lebanon"},{"id":"LS","name":"Lesotho"},{"id":"LR","name":"Liberia"},{"id":"LY","name":"Libya"},{"id":"LI","name":"Liechtenstein"},{"id":"LT","name":"Lithuania"},{"id":"LU","name":"Luxembourg"},{"id":"MO","name":"Macau SAR China"},{"id":"MK","name":"Macedonia"},{"id":"MG","name":"Madagascar"},{"id":"MW","name":"Malawi"},{"id":"MY","name":"Malaysia"},{"id":"MV","name":"Maldives"},{"id":"ML","name":"Mali"},{"id":"MT","name":"Malta"},{"id":"MH","name":"Marshall Islands"},{"id":"MQ","name":"Martinique"},{"id":"MR","name":"Mauritania"},{"id":"MU","name":"Mauritius"},{"id":"YT","name":"Mayotte"},{"id":"FX","name":"Metropolitan France"},{"id":"MX","name":"Mexico"},{"id":"FM","name":"Micronesia"},{"id":"MI","name":"Midway Islands"},{"id":"MD","name":"Moldova"},{"id":"MC","name":"Monaco"},{"id":"MN","name":"Mongolia"},{"id":"ME","name":"Montenegro"},{"id":"MS","name":"Montserrat"},{"id":"MA","name":"Morocco"},{"id":"MZ","name":"Mozambique"},{"id":"MM","name":"Myanmar [Burma]"},{"id":"NA","name":"Namibia"},{"id":"NR","name":"Nauru"},{"id":"NP","name":"Nepal"},{"id":"NL","name":"Netherlands"},{"id":"AN","name":"Netherlands Antilles"},{"id":"NT","name":"Neutral Zone"},{"id":"NC","name":"New Caledonia"},{"id":"NZ","name":"New Zealand"},{"id":"NI","name":"Nicaragua"},{"id":"NE","name":"Niger"},{"id":"NG","name":"Nigeria"},{"id":"NU","name":"Niue"},{"id":"NF","name":"Norfolk Island"},{"id":"MP","name":"Northern Mariana Islands"},{"id":"KP","name":"North Korea"},{"id":"VD","name":"North Vietnam"},{"id":"NO","name":"Norway"},{"id":"OM","name":"Oman"},{"id":"PC","name":"Pacific Islands Trust Territory"},{"id":"PK","name":"Pakistan"},{"id":"PW","name":"Palau"},{"id":"PS","name":"Palestinian Territories"},{"id":"PA","name":"Panama"},{"id":"PZ","name":"Panama Canal Zone"},{"id":"PG","name":"Papua New Guinea"},{"id":"PY","name":"Paraguay"},{"id":"YD","name":"Peoples Democratic Republic of Yemen"},{"id":"PE","name":"Peru"},{"id":"PH","name":"Philippines"},{"id":"PN","name":"Pitcairn Islands"},{"id":"PL","name":"Poland"},{"id":"PT","name":"Portugal"},{"id":"PR","name":"Puerto Rico"},{"id":"QA","name":"Qatar"},{"id":"RE","name":"Réunion"},{"id":"RO","name":"Romania"},{"id":"RU","name":"Russia"},{"id":"RW","name":"Rwanda"},{"id":"BL","name":"Saint Barthélemy"},{"id":"SH","name":"Saint Helena"},{"id":"KN","name":"Saint Kitts and Nevis"},{"id":"LC","name":"Saint Lucia"},{"id":"MF","name":"Saint Martin"},{"id":"PM","name":"Saint Pierre and Miquelon"},{"id":"VC","name":"Saint Vincent and the Grenadines"},{"id":"WS","name":"Samoa"},{"id":"SM","name":"San Marino"},{"id":"ST","name":"São Tomé and Príncipe"},{"id":"SA","name":"Saudi Arabia"},{"id":"SN","name":"Senegal"},{"id":"RS","name":"Serbia"},{"id":"CS","name":"Serbia and Montenegro"},{"id":"SC","name":"Seychelles"},{"id":"SL","name":"Sierra Leone"},{"id":"SG","name":"Singapore"},{"id":"SK","name":"Slovakia"},{"id":"SI","name":"Slovenia"},{"id":"SB","name":"Solomon Islands"},{"id":"SO","name":"Somalia"},{"id":"ZA","name":"South Africa"},{"id":"GS","name":"South Georgia and the South Sandwich Islands"},{"id":"KR","name":"South Korea"},{"id":"ES","name":"Spain"},{"id":"LK","name":"Sri Lanka"},{"id":"SD","name":"Sudan"},{"id":"SR","name":"Suriname"},{"id":"SJ","name":"Svalbard and Jan Mayen"},{"id":"SZ","name":"Swaziland"},{"id":"SE","name":"Sweden"},{"id":"CH","name":"Switzerland"},{"id":"SY","name":"Syria"},{"id":"TW","name":"Taiwan"},{"id":"TJ","name":"Tajikistan"},{"id":"TZ","name":"Tanzania"},{"id":"TH","name":"Thailand"},{"id":"TL","name":"Timor-Leste"},{"id":"TG","name":"Togo"},{"id":"TK","name":"Tokelau"},{"id":"TO","name":"Tonga"},{"id":"TT","name":"Trinidad and Tobago"},{"id":"TN","name":"Tunisia"},{"id":"TR","name":"Turkey"},{"id":"TM","name":"Turkmenistan"},{"id":"TC","name":"Turks and Caicos Islands"},{"id":"TV","name":"Tuvalu"},{"id":"UG","name":"Uganda"},{"id":"UA","name":"Ukraine"},{"id":"SU","name":"Union of Soviet Socialist Republics"},{"id":"AE","name":"United Arab Emirates"},{"id":"GB","name":"United Kingdom"},{"id":"US","name":"United States"},{"id":"ZZ","name":"Unknown or Invalid Region"},{"id":"UY","name":"Uruguay"},{"id":"UM","name":"U.S. Minor Outlying Islands"},{"id":"PU","name":"U.S. Miscellaneous Pacific Islands"},{"id":"VI","name":"U.S. Virgin Islands"},{"id":"UZ","name":"Uzbekistan"},{"id":"VU","name":"Vanuatu"},{"id":"VA","name":"Vatican City"},{"id":"VE","name":"Venezuela"},{"id":"VN","name":"Vietnam"},{"id":"WK","name":"Wake Island"},{"id":"WF","name":"Wallis and Futuna"},{"id":"EH","name":"Western Sahara"},{"id":"YE","name":"Yemen"},{"id":"ZM","name":"Zambia"},{"id":"ZW","name":"Zimbabwe"}],"pagination":{}}