{
  "data": [
    {
      "serviceType": {
        "id": "1",
        "name": "RPM",
        "tag": "rpm",
        "status": "active"
      },
      "value": "99453",
      "coverage": "device-setup-education",
      "type": "standalone"
    },
    {
      "serviceType": {
        "id": "1",
        "name": "RPM",
        "tag": "rpm",
        "status": "active"
      },
      "value": "99454",
      "coverage": "all-data-transmissions",
      "type": "standalone"
    },
    {
      "serviceType": {
        "id": "1",
        "name": "RPM",
        "tag": "rpm",
        "status": "active"
      },
      "value": "99454-DMO",
      "coverage": "measurement-data-transmissions",
      "type": "standalone"
    },
    {
      "serviceType": {
        "id": "1",
        "name": "RPM",
        "tag": "rpm",
        "status": "active"
      },
      "value": "99457",
      "coverage": "monitoring",
      "type": "standalone",
      "requirements": {
        "requiredLiveInteractionCount": 1,
        "maxIterations": 1,
        "time": {
          "minutes": 20,
          "sources": ["interaction", "monitoring"]
        }
      }
    },
    {
      "serviceType": {
        "id": "1",
        "name": "RPM",
        "tag": "rpm",
        "status": "active"
      },
      "value": "99458",
      "coverage": "monitoring",
      "type": "addon",
      "requirements": {
        "dependsOn": "99457",
        "maxIterations": 2,
        "time": {
          "minutes": 20,
          "sources": ["interaction", "monitoring"]
        }
      }
    },
    {
      "serviceType": {
        "id": "2",
        "name": "CCM",
        "tag": "ccm",
        "status": "active"
      },
      "value": "99490",
      "coverage": "monitoring",
      "type": "standalone",
      "requirements": {
        "requiredLiveInteractionCount": 0,
        "maxIterations": 1,
        "time": {
          "minutes": 20,
          "sources": ["interaction", "monitoring"]
        }
      }
    },
    {
      "serviceType": {
        "id": "2",
        "name": "CCM",
        "tag": "ccm",
        "status": "active"
      },
      "value": "99439",
      "coverage": "monitoring",
      "type": "addon",
      "requirements": {
        "dependsOn": "99490",
        "maxIterations": 2,
        "time": {
          "minutes": 20,
          "sources": ["interaction", "monitoring"]
        }
      }
    },
    {
      "serviceType": {
        "id": "3",
        "name": "RTM",
        "tag": "rtm",
        "status": "active"
      },
      "value": "98975",
      "coverage": "device-setup-education",
      "type": "standalone"
    },
    {
      "serviceType": {
        "id": "3",
        "name": "RTM",
        "tag": "rtm",
        "status": "active"
      },
      "value": "98977",
      "coverage": "all-data-transmissions",
      "type": "standalone"
    },
    {
      "serviceType": {
        "id": "3",
        "name": "RTM",
        "tag": "rtm",
        "status": "active"
      },
      "value": "98977-DMO",
      "coverage": "measurement-data-transmissions",
      "type": "standalone"
    },
    {
      "serviceType": {
        "id": "3",
        "name": "RTM",
        "tag": "rtm",
        "status": "active"
      },
      "value": "98980",
      "coverage": "monitoring",
      "type": "standalone",
      "requirements": {
        "requiredLiveInteractionCount": 1,
        "maxIterations": 1,
        "time": {
          "minutes": 20,
          "sources": ["interaction", "monitoring"]
        }
      }
    },
    {
      "serviceType": {
        "id": "3",
        "name": "RTM",
        "tag": "rtm",
        "status": "active"
      },
      "value": "98981",
      "coverage": "monitoring",
      "type": "addon",
      "requirements": {
        "dependsOn": "98980",
        "maxIterations": 2,
        "time": {
          "minutes": 20,
          "sources": ["interaction", "monitoring"]
        }
      }
    },
    {
      "serviceType": {
        "id": "4",
        "name": "PCM",
        "tag": "pcm",
        "status": "active"
      },
      "value": "99426",
      "coverage": "monitoring",
      "type": "standalone",
      "requirements": {
        "requiredLiveInteractionCount": 0,
        "maxIterations": 1,
        "time": {
          "minutes": 30,
          "sources": ["interaction", "monitoring"]
        }
      }
    },
    {
      "serviceType": {
        "id": "4",
        "name": "PCM",
        "tag": "pcm",
        "status": "active"
      },
      "value": "99427",
      "coverage": "monitoring",
      "type": "addon",
      "requirements": {
        "dependsOn": "99426",
        "maxIterations": 2,
        "time": {
          "minutes": 30,
          "sources": ["interaction", "monitoring"]
        }
      }
    },
    {
      "serviceType": {
        "id": "5",
        "name": "BHI",
        "tag": "bhi",
        "status": "active"
      },
      "value": "99484",
      "coverage": "monitoring",
      "type": "standalone",
      "requirements": {
        "requiredLiveInteractionCount": 1,
        "maxIterations": 1,
        "time": {
          "minutes": 20,
          "sources": ["interaction"]
        }
      }
    }
  ],
  "pagination": {}
}
