{
  "data": [
    {
      "id": "30",
      "name": "Acetone",
      "multiplier": 100,
      "unit": { "symbol": "ppm", "display": "ppm" },
      "bound": { "lower": 1, "upper": 500001 },
      "accessibility": "public",
      "graphType": "line",
      "span": { "id": "1", "name": "Instant" },
      "status": "active"
    },
    {
      "id": "15",
      "name": "Arm circumference",
      "multiplier": 1,
      "unit": { "symbol": "mm", "display": "mm" },
      "bound": { "lower": 1, "upper": 1001 },
      "accessibility": "public",
      "graphType": "line",
      "span": { "id": "1", "name": "Instant" },
      "status": "active"
    },
    {
      "id": "10",
      "name": "Basal metabolic rate",
      "multiplier": 1,
      "unit": { "symbol": "kcal", "display": "kcal" },
      "bound": { "lower": 501, "upper": 5001 },
      "accessibility": "public",
      "graphType": "line",
      "span": { "id": "1", "name": "Instant" },
      "status": "active"
    },
    {
      "id": "8",
      "name": "Blood oxygen level",
      "multiplier": 1000,
      "unit": { "symbol": "%", "display": "%" },
      "bound": { "lower": 1001, "upper": 100001 },
      "accessibility": "public",
      "graphType": "line",
      "span": { "id": "1", "name": "Instant" },
      "status": "active"
    },
    {
      "id": "5",
      "name": "Blood pressure - diastolic",
      "multiplier": 1,
      "unit": { "symbol": "mmHg", "display": "mmHg" },
      "bound": { "lower": 21, "upper": 501 },
      "accessibility": "public",
      "graphType": "line",
      "span": { "id": "1", "name": "Instant" },
      "status": "active"
    },
    {
      "id": "6",
      "name": "Blood pressure - systolic",
      "multiplier": 1,
      "unit": { "symbol": "mmHg", "display": "mmHg" },
      "bound": { "lower": 21, "upper": 501 },
      "accessibility": "public",
      "graphType": "line",
      "span": { "id": "1", "name": "Instant" },
      "status": "active"
    },
    {
      "id": "46",
      "name": "BMI",
      "multiplier": 1000,
      "bound": { "lower": 1, "upper": 200001 },
      "accessibility": "public",
      "graphType": "line",
      "span": { "id": "1", "name": "Instant" },
      "status": "active"
    },
    {
      "id": "3",
      "name": "Body fat",
      "multiplier": 1000,
      "unit": { "symbol": "%", "display": "%" },
      "bound": { "lower": 1001, "upper": 100001 },
      "accessibility": "public",
      "graphType": "line",
      "span": { "id": "1", "name": "Instant" },
      "status": "active"
    },
    {
      "id": "9",
      "name": "Bone weight",
      "multiplier": 1,
      "unit": { "symbol": "g", "display": "g" },
      "bound": { "lower": 1, "upper": 120001 },
      "accessibility": "public",
      "graphType": "line",
      "span": { "id": "1", "name": "Instant" },
      "status": "active"
    },
    {
      "id": "17",
      "name": "Chest circumference",
      "multiplier": 1,
      "unit": { "symbol": "mm", "display": "mm" },
      "bound": { "lower": 1, "upper": 2501 },
      "accessibility": "public",
      "graphType": "line",
      "span": { "id": "1", "name": "Instant" },
      "status": "active"
    },
    {
      "id": "35",
      "name": "Extracellular water to body water",
      "multiplier": 1000,
      "unit": { "symbol": "%", "display": "%" },
      "bound": { "lower": 1001, "upper": 100001 },
      "accessibility": "public",
      "graphType": "line",
      "span": { "id": "1", "name": "Instant" },
      "status": "active"
    },
    {
      "id": "26",
      "name": "Fasting glucose",
      "multiplier": 1,
      "unit": { "symbol": "mg/dl", "display": "mg/dl" },
      "bound": { "lower": 1, "upper": 7501 },
      "accessibility": "public",
      "graphType": "line",
      "span": { "id": "1", "name": "Instant" },
      "status": "active"
    },
    {
      "id": "2",
      "name": "Fat free mass",
      "multiplier": 1,
      "unit": { "symbol": "g", "display": "g" },
      "bound": { "lower": 1, "upper": 200001 },
      "accessibility": "public",
      "graphType": "line",
      "span": { "id": "1", "name": "Instant" },
      "status": "active"
    },
    {
      "id": "4",
      "name": "Fat mass weight",
      "multiplier": 1,
      "unit": { "symbol": "g", "display": "g" },
      "bound": { "lower": 1, "upper": 750001 },
      "accessibility": "public",
      "graphType": "line",
      "span": { "id": "1", "name": "Instant" },
      "status": "active"
    },
    {
      "id": "27",
      "name": "HBA1c",
      "multiplier": 1000,
      "unit": { "symbol": "%", "display": "%" },
      "bound": { "lower": 1001, "upper": 100001 },
      "accessibility": "public",
      "graphType": "line",
      "span": { "id": "1", "name": "Instant" },
      "status": "active"
    },
    {
      "id": "23",
      "name": "HDL",
      "description": "High-density lipoprotein level",
      "multiplier": 1,
      "unit": { "symbol": "ml/dl", "display": "ml/dl" },
      "bound": { "lower": 1, "upper": 15001 },
      "accessibility": "public",
      "graphType": "line",
      "span": { "id": "1", "name": "Instant" },
      "status": "active"
    },
    {
      "id": "7",
      "name": "Heart rate",
      "multiplier": 1,
      "unit": { "symbol": "bpm", "display": "bpm" },
      "bound": { "lower": 11, "upper": 651 },
      "accessibility": "public",
      "graphType": "line",
      "span": { "id": "1", "name": "Instant" },
      "status": "active"
    },
    {
      "id": "16",
      "name": "Hip circumference",
      "multiplier": 1,
      "unit": { "symbol": "mm", "display": "mm" },
      "bound": { "lower": 1, "upper": 3501 },
      "accessibility": "public",
      "graphType": "line",
      "span": { "id": "1", "name": "Instant" },
      "status": "active"
    },
    {
      "id": "29",
      "name": "hs-CRP",
      "description": "High-sensitivity C-reactive protein",
      "multiplier": 1000,
      "bound": { "lower": 1, "upper": 3500001 },
      "accessibility": "public",
      "graphType": "line",
      "span": { "id": "1", "name": "Instant" },
      "status": "active"
    },
    {
      "id": "49",
      "name": "Hydration",
      "description": "Water consumption per day",
      "multiplier": 1,
      "unit": { "symbol": "ml", "display": "ml" },
      "bound": { "lower": 1, "upper": 40000 },
      "accessibility": "public",
      "graphType": "line",
      "span": { "id": "2", "name": "Date" },
      "status": "active"
    },
    {
      "id": "28",
      "name": "Insulin",
      "multiplier": 1,
      "unit": { "symbol": "uU/ml", "display": "uU/ml" },
      "bound": { "lower": 1, "upper": 1001 },
      "accessibility": "public",
      "graphType": "line",
      "span": { "id": "1", "name": "Instant" },
      "status": "active"
    },
    {
      "id": "44",
      "name": "Ketones",
      "multiplier": 1,
      "unit": { "symbol": "µmol/L", "display": "µmol/L" },
      "bound": { "lower": 1, "upper": 9001 },
      "accessibility": "public",
      "graphType": "line",
      "span": { "id": "1", "name": "Instant" },
      "status": "active"
    },
    {
      "id": "22",
      "name": "LDL",
      "description": "Low-density lipoprotein level",
      "multiplier": 1,
      "unit": { "symbol": "ml/dl", "display": "ml/dl" },
      "bound": { "lower": 1, "upper": 15001 },
      "accessibility": "public",
      "graphType": "line",
      "span": { "id": "1", "name": "Instant" },
      "status": "active"
    },
    {
      "id": "36",
      "name": "Left arm mass",
      "multiplier": 1,
      "unit": { "symbol": "g", "display": "g" },
      "bound": { "lower": 1, "upper": 750001 },
      "accessibility": "public",
      "graphType": "line",
      "span": { "id": "1", "name": "Instant" },
      "status": "active"
    },
    {
      "id": "38",
      "name": "Left leg mass",
      "multiplier": 1,
      "unit": { "symbol": "g", "display": "g" },
      "bound": { "lower": 1, "upper": 750001 },
      "accessibility": "public",
      "graphType": "line",
      "span": { "id": "1", "name": "Instant" },
      "status": "active"
    },
    {
      "id": "11",
      "name": "Muscle percentage",
      "multiplier": 1000,
      "unit": { "symbol": "%", "display": "%" },
      "bound": { "lower": 1001, "upper": 100001 },
      "accessibility": "public",
      "graphType": "line",
      "span": { "id": "1", "name": "Instant" },
      "status": "active"
    },
    {
      "id": "19",
      "name": "Neck circumference",
      "multiplier": 1,
      "unit": { "symbol": "mm", "display": "mm" },
      "bound": { "lower": 1, "upper": 1251 },
      "accessibility": "public",
      "graphType": "line",
      "span": { "id": "1", "name": "Instant" },
      "status": "active"
    },
    {
      "id": "41",
      "name": "Phase angle",
      "multiplier": 1,
      "unit": { "symbol": "Grad", "display": "Grad" },
      "bound": { "lower": 1, "upper": 400001 },
      "accessibility": "public",
      "graphType": "line",
      "span": { "id": "1", "name": "Instant" },
      "status": "active"
    },
    {
      "id": "32",
      "name": "Respiration rate",
      "multiplier": 1,
      "unit": { "symbol": "bpm", "display": "bpm" },
      "bound": { "lower": 1, "upper": 201 },
      "accessibility": "public",
      "graphType": "line",
      "span": { "id": "1", "name": "Instant" },
      "status": "active"
    },
    {
      "id": "37",
      "name": "Right arm mass",
      "multiplier": 1,
      "unit": { "symbol": "g", "display": "g" },
      "bound": { "lower": 1, "upper": 750001 },
      "accessibility": "public",
      "graphType": "line",
      "span": { "id": "1", "name": "Instant" },
      "status": "active"
    },
    {
      "id": "39",
      "name": "Right leg mass",
      "multiplier": 1,
      "unit": { "symbol": "g", "display": "g" },
      "bound": { "lower": 1, "upper": 750001 },
      "accessibility": "public",
      "graphType": "line",
      "span": { "id": "1", "name": "Instant" },
      "status": "active"
    },
    {
      "id": "33",
      "name": "Skeletal muscle mass",
      "multiplier": 1,
      "unit": { "symbol": "g", "display": "g" },
      "bound": { "lower": 1, "upper": 750001 },
      "accessibility": "public",
      "graphType": "line",
      "span": { "id": "1", "name": "Instant" },
      "status": "active"
    },
    {
      "id": "48",
      "name": "Sleep",
      "description": "Number of seconds slept per day",
      "multiplier": 1,
      "unit": { "symbol": "s", "display": "s" },
      "bound": { "lower": 1, "upper": 86400 },
      "accessibility": "public",
      "graphType": "line",
      "span": { "id": "2", "name": "Date" },
      "status": "active"
    },
    {
      "id": "47",
      "name": "Steps",
      "description": "Number of steps taken on a day",
      "multiplier": 1,
      "bound": { "lower": 1, "upper": 100000 },
      "accessibility": "public",
      "graphType": "line",
      "span": { "id": "2", "name": "Date" },
      "status": "active"
    },
    {
      "id": "31",
      "name": "Temperature",
      "multiplier": 100,
      "unit": { "symbol": "C", "display": "C" },
      "bound": { "lower": 1001, "upper": 5001 },
      "accessibility": "public",
      "graphType": "line",
      "span": { "id": "1", "name": "Instant" },
      "status": "active"
    },
    {
      "id": "18",
      "name": "Thigh circumference",
      "multiplier": 1,
      "unit": { "symbol": "mm", "display": "mm" },
      "bound": { "lower": 1, "upper": 2001 },
      "accessibility": "public",
      "graphType": "line",
      "span": { "id": "1", "name": "Instant" },
      "status": "active"
    },
    {
      "id": "20",
      "name": "Thorax circumference",
      "multiplier": 1,
      "unit": { "symbol": "mm", "display": "mm" },
      "bound": { "lower": 1, "upper": 2501 },
      "accessibility": "public",
      "graphType": "line",
      "span": { "id": "1", "name": "Instant" },
      "status": "active"
    },
    {
      "id": "40",
      "name": "Torso mass",
      "multiplier": 1,
      "unit": { "symbol": "g", "display": "g" },
      "bound": { "lower": 1, "upper": 750001 },
      "accessibility": "public",
      "graphType": "line",
      "span": { "id": "1", "name": "Instant" },
      "status": "active"
    },
    {
      "id": "34",
      "name": "Total body water",
      "multiplier": 1,
      "unit": { "symbol": "ml", "display": "ml" },
      "bound": { "lower": 1, "upper": 750001 },
      "accessibility": "public",
      "graphType": "line",
      "span": { "id": "1", "name": "Instant" },
      "status": "active"
    },
    {
      "id": "21",
      "name": "Total cholesterol",
      "multiplier": 1,
      "unit": { "symbol": "ml/dl", "display": "ml/dl" },
      "bound": { "lower": 1, "upper": 20001 },
      "accessibility": "public",
      "graphType": "line",
      "span": { "id": "1", "name": "Instant" },
      "status": "active"
    },
    {
      "id": "25",
      "name": "Tryglicerides",
      "multiplier": 1,
      "unit": { "symbol": "ml/dl", "display": "ml/dl" },
      "bound": { "lower": 1, "upper": 75001 },
      "accessibility": "public",
      "graphType": "line",
      "span": { "id": "1", "name": "Instant" },
      "status": "active"
    },
    {
      "id": "45",
      "name": "Visceral adipose tissue",
      "multiplier": 1,
      "unit": { "symbol": "ml", "display": "ml" },
      "bound": { "lower": 1, "upper": 80001 },
      "accessibility": "public",
      "graphType": "line",
      "span": { "id": "1", "name": "Instant" },
      "status": "active"
    },
    {
      "id": "42",
      "name": "Visceral fat mass",
      "multiplier": 1,
      "unit": { "symbol": "g", "display": "g" },
      "bound": { "lower": 1, "upper": 750001 },
      "accessibility": "public",
      "graphType": "line",
      "span": { "id": "1", "name": "Instant" },
      "status": "active"
    },
    {
      "id": "12",
      "name": "Visceral fat percentage",
      "multiplier": 1000,
      "unit": { "symbol": "%", "display": "%" },
      "bound": { "lower": 1001, "upper": 100001 },
      "accessibility": "public",
      "graphType": "line",
      "span": { "id": "1", "name": "Instant" },
      "status": "active"
    },
    {
      "id": "43",
      "name": "Visceral fat - Tanita",
      "multiplier": 1,
      "bound": { "lower": 1, "upper": 61 },
      "accessibility": "public",
      "graphType": "line",
      "span": { "id": "1", "name": "Instant" },
      "status": "active"
    },
    {
      "id": "24",
      "name": "VLDL",
      "description": "Very-low-density lipoprotein level",
      "multiplier": 1,
      "unit": { "symbol": "ml/dl", "display": "ml/dl" },
      "bound": { "lower": 1, "upper": 15001 },
      "accessibility": "public",
      "graphType": "line",
      "span": { "id": "1", "name": "Instant" },
      "status": "active"
    },
    {
      "id": "14",
      "name": "Waist circumference",
      "multiplier": 1,
      "unit": { "symbol": "mm", "display": "mm" },
      "bound": { "lower": 1, "upper": 5001 },
      "accessibility": "public",
      "graphType": "line",
      "span": { "id": "1", "name": "Instant" },
      "status": "active"
    },
    {
      "id": "13",
      "name": "Water percentage",
      "multiplier": 1000,
      "unit": { "symbol": "%", "display": "%" },
      "bound": { "lower": 1001, "upper": 100001 },
      "accessibility": "public",
      "graphType": "line",
      "span": { "id": "1", "name": "Instant" },
      "status": "active"
    },
    {
      "id": "1",
      "name": "Weight",
      "multiplier": 1,
      "unit": { "symbol": "g", "display": "g" },
      "bound": { "lower": 1, "upper": 750001 },
      "accessibility": "public",
      "graphType": "line",
      "span": { "id": "1", "name": "Instant" },
      "status": "active"
    }
  ],
  "pagination": {}
}
