{
  "data": [
    {
      "name": "CoachCare Employees",
      "id": "2"
    },
    {
      "name": "TEST",
      "id": "12"
    },
    {
      "name": "Newsletter Signup - social link",
      "id": "14"
    },
    {
      "name": "White Paper Landing Page",
      "id": "16"
    },
    {
      "name": "White Paper Landing Page - Chiro",
      "id": "17"
    },
    {
      "name": "Newsletter_Mark Tager Webinar_12.10.18",
      "id": "22"
    },
    {
      "name": "CoachCare/ seca integration - Partner Landing Page",
      "id": "26"
    },
    {
      "name": "RPM Announcement Email 6.19.19",
      "id": "29"
    },
    {
      "name": "Registration Automation - Virtual Health",
      "id": "30"
    },
    {
      "name": "AU Naturopath KEEP LIST",
      "id": "32"
    },
    {
      "name": "Apollo US Registration",
      "id": "34"
    },
    {
      "name": "NutriMost Registration",
      "id": "35"
    },
    {
      "name": "OMA Telemedicine Webinar - Follow Up 4.13.20",
      "id": "37"
    }
  ]
}
