{
  "address": {
    "street": "culdisac",
    "city": "Liberty City",
    "state": "Somewhere",
    "postalCode": "123123123",
    "country": "CA"
  },
  "contact": {
    "firstName": "Lisa",
    "lastName": "Brunet",
    "email": "lbrunet@idealprotein.com",
    "phone": "1234567890"
  },
  "hierarchyPath": ["3378"],
  "id": "3378",
  "isActive": true,
  "name": "0000 Test IP Clinic (SD)",
  "openAssociation": {
    "client": false,
    "provider": true
  },
  "automaticDisassociation": {
    "client": false
  },
  "preferences": [
    {
      "color": {
        "accent": "#1700cb",
        "primary": "#bf1616",
        "toolbar": "accent",
        "secondary": "#eeeeee"
      },
      "faviconUrl": "https://d3vngy9ttk2wws.cloudfront.net/ccr_favicon.png",
      "iconUrl": "https://d3vngy9ttk2wws.cloudfront.net/3378_icon.png",
      "id": "3378",
      "logoUrl": "https://d3vngy9ttk2wws.cloudfront.net/3378_logo.jpg",
      "splashUrl": "https://d3vngy9ttk2wws.cloudfront.net/3378_splash.png"
    }
  ],
  "shortcode": "ip_000001"
}
