{
  "data": [
    {
      "id": "154",
      "name": "Zhang Xin",
      "address1": "250 King St",
      "stateProvince": "CA",
      "city": "San Francisco",
      "country": {
        "id": "US",
        "name": "United States"
      },
      "postalCode": "94107",
      "labels": [
        {
          "id": "2",
          "name": "Shipping"
        }
      ]
    },
    {
      "id": "153",
      "name": "Zhang Xin",
      "address1": "4200 Leeland St",
      "stateProvince": "TX",
      "city": "Houston",
      "country": {
        "id": "US",
        "name": "United States"
      },
      "postalCode": "77023",
      "labels": [
        {
          "id": "1",
          "name": "Billing"
        }
      ]
    }
  ],
  "pagination": {}
}
