{
  "data": [{
    "accountType": {"id": "3", "title": "Client"},
    "countryCode": "+61",
    "createdAt": "2019-05-24T08:18:57.859Z",
    "email": "kajsnkasjdn@gmail.com",
    "firstName": "00000000000000sdkjnaskjdn",
    "id": "6784",
    "isActive": true,
    "lastName": "dnaskjnadkj",
    "measurementPreference": "us",
    "phone": "123123124",
    "preferredLocales": ["en"],
    "timezone": "America/New_York"
  }, {
    "accountType": {"id": "3", "title": "Client"},
    "createdAt": "2019-05-24T08:09:11.127Z",
    "email": "dkadkha@gmail.com",
    "firstName": "00000000000aaaaaateeest",
    "id": "6783",
    "isActive": true,
    "lastName": "kjnkdansd",
    "measurementPreference": "us",
    "phone": "1231233",
    "preferredLocales": ["en"],
    "timezone": "America/New_York"
  }, {
    "accountType": {"id": "3", "title": "Client"},
    "countryCode": "+1",
    "createdAt": "2019-05-24T08:21:15.120Z",
    "email": "aksdkasnjasdj@gmail.com",
    "firstName": "00000000test",
    "id": "6786",
    "isActive": true,
    "lastName": "test2",
    "measurementPreference": "us",
    "phone": "12312312339",
    "preferredLocales": ["en"],
    "timezone": "America/New_York"
  }
  ],
  "pagination": {}
}